Date,Temparature,Humidity,Airpollution,DustLabel
02-11-2015,11.2,70.21,20.34,33.11
03-11-2015,12.2,71.21,21.34,34.11
04-11-2015,13.2,72.21,22.34,35.11
05-11-2015,14.2,73.21,23.34,36.11
06-11-2015,15.2,74.21,24.34,37.11
09-11-2015,16.2,75.21,25.34,38.11
10-11-2015,17.2,76.21,26.34,39.11
11-11-2015,18.2,77.21,27.34,40.11
12-11-2015,19.2,78.21,28.34,41.11
13-11-2015,20.2,79.21,29.34,42.11
16-11-2015,21.2,80.21,30.34,43.11
17-11-2015,22.2,81.21,31.34,44.11
18-11-2015,23.2,82.21,32.34,45.11
19-11-2015,24.2,83.21,33.34,46.11
20-11-2015,25.2,84.21,34.34,47.11
23-11-2015,26.2,85.21,35.34,48.11
24-11-2015,27.2,86.21,36.34,49.11
25-11-2015,28.2,87.21,37.34,50.11
27-11-2015,29.2,88.21,38.34,51.11
30-11-2015,30.2,89.21,39.34,52.11
01-12-2015,31.2,90.21,40.34,53.11
02-12-2015,32.2,91.21,41.34,54.11
03-12-2015,33.2,92.21,42.34,55.11
04-12-2015,34.2,93.21,43.34,56.11
07-12-2015,35.2,94.21,44.34,57.11
08-12-2015,36.2,95.21,45.34,58.11
09-12-2015,37.2,96.21,46.34,59.11
10-12-2015,38.2,97.21,47.34,60.11
11-12-2015,39.2,98.21,48.34,61.11
14-12-2015,40.2,99.21,49.34,62.11
15-12-2015,41.2,100.21,50.34,63.11
16-12-2015,42.2,101.21,51.34,64.11
17-12-2015,43.2,102.21,52.34,65.11
18-12-2015,44.2,103.21,53.34,66.11
21-12-2015,45.2,104.21,54.34,67.11
22-12-2015,46.2,105.21,55.34,68.11
23-12-2015,47.2,106.21,56.34,69.11
24-12-2015,48.2,107.21,57.34,70.11
28-12-2015,49.2,108.21,58.34,71.11
29-12-2015,50.2,109.21,59.34,72.11
30-12-2015,51.2,110.21,60.34,73.11
31-12-2015,52.2,111.21,61.34,74.11
04-01-2016,53.2,112.21,62.34,75.11
05-01-2016,54.2,113.21,63.34,76.11
06-01-2016,55.2,114.21,64.34,77.11
07-01-2016,56.2,115.21,65.34,78.11
08-01-2016,57.2,116.21,66.34,79.11
11-01-2016,58.2,117.21,67.34,80.11
12-01-2016,59.2,118.21,68.34,81.11
13-01-2016,60.2,119.21,69.34,82.11
14-01-2016,61.2,120.21,70.34,83.11
15-01-2016,62.2,121.21,71.34,84.11
19-01-2016,63.2,122.21,72.34,85.11
20-01-2016,64.2,123.21,73.34,86.11
21-01-2016,65.2,124.21,74.34,87.11
22-01-2016,66.2,125.21,75.34,88.11
25-01-2016,67.2,126.21,76.34,89.11
26-01-2016,68.2,127.21,77.34,90.11
27-01-2016,69.2,128.21,78.34,91.11
28-01-2016,70.2,129.21,79.34,92.11
29-01-2016,71.2,130.21,80.34,93.11
01-02-2016,72.2,131.21,81.34,94.11
02-02-2016,73.2,132.21,82.34,95.11
03-02-2016,74.2,133.21,83.34,96.11
04-02-2016,75.2,134.21,84.34,97.11
05-02-2016,76.2,135.21,85.34,98.11
08-02-2016,77.2,136.21,86.34,99.11
09-02-2016,78.2,137.21,87.34,100.11
10-02-2016,79.2,138.21,88.34,101.11
11-02-2016,80.2,139.21,89.34,102.11
12-02-2016,81.2,140.21,90.34,103.11
16-02-2016,82.2,141.21,91.34,104.11
17-02-2016,83.2,142.21,92.34,105.11
18-02-2016,84.2,143.21,93.34,106.11
19-02-2016,85.2,144.21,94.34,107.11
22-02-2016,86.2,145.21,95.34,108.11
23-02-2016,87.2,146.21,96.34,109.11
24-02-2016,88.2,147.21,97.34,110.11
25-02-2016,89.2,148.21,98.34,111.11
26-02-2016,90.2,149.21,99.34,112.11
29-02-2016,91.2,150.21,100.34,113.11
01-03-2016,92.2,151.21,101.34,114.11
02-03-2016,93.2,152.21,102.34,115.11
03-03-2016,94.2,153.21,103.34,116.11
04-03-2016,95.2,154.21,104.34,117.11
07-03-2016,96.2,155.21,105.34,118.11
08-03-2016,97.2,156.21,106.34,119.11
09-03-2016,98.2,157.21,107.34,120.11
10-03-2016,99.2,158.21,108.34,121.11
11-03-2016,50.23,159.21,109.34,122.11
14-03-2016,51.23,160.21,110.34,123.11
15-03-2016,52.23,161.21,111.34,124.11
16-03-2016,53.23,162.21,112.34,125.11
17-03-2016,54.23,163.21,113.34,126.11
18-03-2016,55.23,164.21,114.34,127.11
21-03-2016,56.23,165.21,115.34,128.11
22-03-2016,57.23,166.21,116.34,129.11
23-03-2016,58.23,167.21,117.34,130.11
24-03-2016,59.23,168.21,118.34,131.11
28-03-2016,60.23,169.21,119.34,132.11
29-03-2016,61.23,170.21,120.34,133.11
30-03-2016,62.23,171.21,121.34,134.11
31-03-2016,63.23,30.13,122.34,135.11
01-04-2016,64.23,31.13,123.34,136.11
04-04-2016,65.23,32.13,124.34,137.11
05-04-2016,66.23,33.13,125.34,138.11
06-04-2016,67.23,34.13,126.34,139.11
07-04-2016,68.23,35.13,127.34,140.11
08-04-2016,69.23,36.13,128.34,141.11
11-04-2016,70.23,37.13,129.34,142.11
12-04-2016,71.23,38.13,130.34,143.11
13-04-2016,72.23,39.13,131.34,144.11
14-04-2016,73.23,40.13,132.34,145.11
15-04-2016,74.23,41.13,133.34,146.11
18-04-2016,75.23,42.13,134.34,147.11
19-04-2016,76.23,43.13,135.34,148.11
20-04-2016,77.23,44.13,136.34,149.11
21-04-2016,78.23,45.13,137.34,150.11
22-04-2016,79.23,46.13,138.34,151.11
25-04-2016,80.23,47.13,139.34,152.11
26-04-2016,81.23,48.13,140.34,153.11
27-04-2016,82.23,49.13,141.34,154.11
28-04-2016,83.23,50.13,142.34,155.11
29-04-2016,84.23,51.13,143.34,156.11
02-05-2016,85.23,52.13,144.34,157.11
03-05-2016,86.23,53.13,145.34,158.11
04-05-2016,40.11,54.13,146.34,159.11
05-05-2016,40.11,55.13,147.34,160.11
06-05-2016,40.11,56.13,148.34,161.11
09-05-2016,40.11,57.13,149.34,162.11
10-05-2016,40.11,58.13,150.34,163.11
11-05-2016,40.11,59.13,151.34,164.11
12-05-2016,40.11,60.13,152.34,165.11
13-05-2016,40.11,61.13,153.34,166.11
16-05-2016,40.11,62.13,154.34,167.11
17-05-2016,40.11,63.13,155.34,168.11
18-05-2016,40.11,64.13,156.34,169.11
19-05-2016,40.11,65.13,157.34,170.11
20-05-2016,40.11,66.13,158.34,171.11
23-05-2016,40.11,67.13,159.34,172.11
24-05-2016,40.11,68.13,160.34,173.11
25-05-2016,40.11,69.13,161.34,174.11
26-05-2016,40.11,70.13,162.34,175.11
27-05-2016,40.11,71.13,163.34,176.11
31-05-2016,40.11,72.13,164.34,177.11
01-06-2016,40.11,73.13,165.34,178.11
02-06-2016,40.11,74.13,166.34,179.11
03-06-2016,40.11,75.13,167.34,180.11
06-06-2016,40.11,76.13,168.34,181.11
07-06-2016,40.11,77.13,169.34,182.11
08-06-2016,40.11,78.13,170.34,183.11
09-06-2016,40.11,79.13,171.34,184.11
10-06-2016,40.11,80.13,172.34,185.11
13-06-2016,40.11,81.13,173.34,186.11
14-06-2016,40.11,82.13,174.34,187.11
15-06-2016,40.11,83.13,175.34,188.11
16-06-2016,40.11,84.13,176.34,189.11
17-06-2016,40.11,85.13,177.34,190.11
20-06-2016,40.11,86.13,178.34,191.11
21-06-2016,40.11,87.13,179.34,192.11
22-06-2016,40.11,88.13,180.34,193.11
23-06-2016,40.11,89.13,181.34,194.11
24-06-2016,40.11,90.13,182.34,195.11
27-06-2016,40.11,91.13,183.34,196.11
28-06-2016,40.11,92.13,184.34,197.11
29-06-2016,40.11,93.13,185.34,198.11
30-06-2016,40.11,94.13,186.34,199.11
01-07-2016,40.11,95.13,187.34,200.11
05-07-2016,40.11,96.13,188.34,201.11
06-07-2016,40.11,97.13,189.34,202.11
07-07-2016,40.11,98.13,190.34,203.11
08-07-2016,40.11,99.13,191.34,204.11
11-07-2016,40.11,100.13,192.34,205.11
12-07-2016,40.11,101.13,193.34,206.11
13-07-2016,40.11,102.13,194.34,207.11
14-07-2016,40.11,103.13,195.34,208.11
15-07-2016,40.11,104.13,196.34,209.11
18-07-2016,40.11,105.13,197.34,210.11
19-07-2016,40.11,106.13,198.34,211.11
20-07-2016,40.11,107.13,199.34,212.11
21-07-2016,40.11,108.13,200.34,213.11
22-07-2016,40.11,109.13,201.34,214.11
25-07-2016,40.11,110.13,202.34,215.11
26-07-2016,40.11,111.13,203.34,216.11
27-07-2016,40.11,112.13,204.34,217.11
28-07-2016,40.11,113.13,205.34,218.11
29-07-2016,40.11,114.13,206.34,219.11
01-08-2016,40.11,115.13,207.34,220.11
02-08-2016,40.11,116.13,208.34,221.11
03-08-2016,40.11,117.13,209.34,222.11
04-08-2016,40.11,118.13,210.34,223.11
05-08-2016,40.11,119.13,211.34,224.11
08-08-2016,40.11,120.13,212.34,225.11
09-08-2016,40.11,121.13,213.34,226.11
10-08-2016,40.11,122.13,214.34,227.11
11-08-2016,40.11,123.13,215.34,228.11
12-08-2016,40.11,124.13,216.34,229.11
15-08-2016,40.11,125.13,217.34,230.11
16-08-2016,40.11,126.13,218.34,231.11
17-08-2016,40.11,127.13,219.34,232.11
18-08-2016,40.11,128.13,220.34,233.11
19-08-2016,40.11,129.13,221.34,234.11
22-08-2016,40.11,130.13,222.34,235.11
23-08-2016,40.11,131.13,223.34,236.11
24-08-2016,40.11,132.13,224.34,237.11
25-08-2016,40.11,133.13,225.34,238.11
26-08-2016,40.11,134.13,226.34,239.11
29-08-2016,40.11,135.13,227.34,240.11
30-08-2016,40.11,136.13,228.34,241.11
31-08-2016,40.11,137.13,229.34,242.11
01-09-2016,40.11,138.13,230.34,243.11
02-09-2016,40.11,139.13,231.34,244.11
06-09-2016,40.11,140.13,232.34,245.11
07-09-2016,40.11,141.13,233.34,246.11
08-09-2016,40.11,142.13,234.34,247.11
09-09-2016,40.11,143.13,235.34,248.11
12-09-2016,40.11,144.13,236.34,249.11
13-09-2016,40.11,145.13,237.34,250.11
14-09-2016,40.11,146.13,238.34,251.11
15-09-2016,40.11,147.13,239.34,252.11
16-09-2016,40.11,148.13,240.34,253.11
19-09-2016,40.11,149.13,241.34,254.11
20-09-2016,40.11,150.13,242.34,255.11
21-09-2016,40.11,151.13,243.34,256.11
22-09-2016,40.11,152.13,244.34,257.11
23-09-2016,40.11,153.13,245.34,258.11
26-09-2016,40.11,154.13,246.34,259.11
27-09-2016,40.11,155.13,247.34,260.11
28-09-2016,40.11,156.13,248.34,261.11
29-09-2016,40.11,157.13,249.34,262.11
30-09-2016,40.11,158.13,250.34,263.11
03-10-2016,40.11,159.13,251.34,264.11
04-10-2016,40.11,160.13,252.34,265.11
05-10-2016,40.11,161.13,253.34,266.11
06-10-2016,40.11,162.13,254.34,267.11
07-10-2016,40.11,163.13,255.34,268.11
10-10-2016,40.11,164.13,256.34,269.11
11-10-2016,40.11,165.13,257.34,270.11
12-10-2016,40.11,166.13,258.34,271.11
13-10-2016,40.11,167.13,259.34,272.11
14-10-2016,40.11,168.13,260.34,273.11
17-10-2016,40.11,169.13,261.34,274.11
18-10-2016,40.11,170.13,262.34,275.11
19-10-2016,40.11,171.13,263.34,276.11
20-10-2016,40.11,172.13,264.34,277.11
21-10-2016,40.11,173.13,265.34,278.11
24-10-2016,40.11,174.13,266.34,279.11
25-10-2016,40.11,175.13,267.34,280.11
26-10-2016,40.11,176.13,268.34,281.11
27-10-2016,40.11,177.13,269.34,282.11
28-10-2016,40.11,178.13,270.34,283.11
31-10-2016,40.11,179.13,271.34,284.11
01-11-2016,40.11,180.13,272.34,285.11
02-11-2016,40.11,181.13,273.34,286.11
03-11-2016,40.11,182.13,274.34,287.11
04-11-2016,40.11,183.13,275.34,288.11
07-11-2016,40.11,184.13,276.34,289.11
08-11-2016,40.11,185.13,277.34,290.11
09-11-2016,40.11,186.13,278.34,291.11
10-11-2016,40.11,187.13,279.34,292.11
11-11-2016,40.11,188.13,280.34,293.11
14-11-2016,40.11,189.13,281.34,294.11
15-11-2016,40.11,190.13,282.34,295.11
16-11-2016,40.11,191.13,283.34,296.11
17-11-2016,40.11,192.13,284.34,297.11
18-11-2016,40.11,193.13,285.34,298.11
21-11-2016,40.11,194.13,286.34,299.11
22-11-2016,40.11,195.13,287.34,300.11
23-11-2016,40.11,91.17,288.34,301.11
25-11-2016,40.11,92.17,289.34,302.11
28-11-2016,40.11,93.17,290.34,303.11
29-11-2016,40.11,94.17,291.34,304.11
30-11-2016,40.11,95.17,292.34,305.11
01-12-2016,40.11,96.17,293.34,306.11
02-12-2016,40.11,97.17,294.34,307.11
05-12-2016,40.11,98.17,295.34,308.11
06-12-2016,40.11,99.17,296.34,309.11
07-12-2016,40.11,100.17,297.34,310.11
08-12-2016,40.11,101.17,298.34,311.11
09-12-2016,40.11,102.17,299.34,312.11
12-12-2016,40.11,103.17,300.34,313.11
13-12-2016,40.11,104.17,301.34,314.11
14-12-2016,40.11,105.17,302.34,315.11
15-12-2016,40.11,106.17,303.34,316.11
16-12-2016,40.11,107.17,304.34,317.11
19-12-2016,40.11,108.17,305.34,318.11
20-12-2016,40.11,109.17,306.34,319.11
21-12-2016,40.11,110.17,307.34,320.11
22-12-2016,40.11,111.17,308.34,321.11
23-12-2016,40.11,112.17,309.34,322.11
27-12-2016,40.11,113.17,310.34,323.11
28-12-2016,40.11,114.17,311.34,324.11
29-12-2016,40.11,115.17,312.34,325.11
30-12-2016,40.11,116.17,313.34,326.11
03-01-2017,40.11,117.17,314.34,327.11
04-01-2017,40.11,118.17,315.34,328.11
05-01-2017,40.11,119.17,316.34,329.11
06-01-2017,40.11,120.17,317.34,330.11
09-01-2017,40.11,121.17,318.34,331.11
10-01-2017,40.11,122.17,319.34,332.11
11-01-2017,40.11,123.17,320.34,333.11
12-01-2017,40.11,124.17,321.34,334.11
13-01-2017,40.11,125.17,322.34,335.11
17-01-2017,40.11,126.17,323.34,336.11
18-01-2017,40.11,127.17,324.34,337.11
19-01-2017,40.11,128.17,325.34,338.11
20-01-2017,40.11,129.17,326.34,339.11
23-01-2017,40.11,130.17,327.34,340.11
24-01-2017,40.11,131.17,328.34,341.11
25-01-2017,40.11,132.17,329.34,342.11
26-01-2017,40.11,133.17,330.34,343.11
27-01-2017,40.11,134.17,331.34,344.11
30-01-2017,40.11,135.17,332.34,345.11
31-01-2017,40.11,136.17,333.34,346.11
01-02-2017,40.11,137.17,334.34,347.11
02-02-2017,40.11,138.17,335.34,348.11
03-02-2017,40.11,139.17,336.34,349.11
06-02-2017,40.11,140.17,337.34,350.11
07-02-2017,40.11,141.17,338.34,351.11
08-02-2017,40.11,142.17,339.34,352.11
09-02-2017,40.11,143.17,340.34,353.11
10-02-2017,40.11,144.17,341.34,354.11
13-02-2017,40.11,145.17,342.34,355.11
14-02-2017,40.11,146.17,343.34,356.11
15-02-2017,40.11,147.17,344.34,357.11
16-02-2017,40.11,148.17,345.34,358.11
17-02-2017,40.11,149.17,346.34,359.11
21-02-2017,40.11,150.17,347.34,360.11
22-02-2017,40.11,151.17,348.34,361.11
23-02-2017,40.11,152.17,349.34,362.11
24-02-2017,40.11,153.17,350.34,363.11
27-02-2017,40.11,154.17,351.34,364.11
28-02-2017,40.11,155.17,352.34,365.11
01-03-2017,40.11,156.17,353.34,366.11
02-03-2017,40.11,157.17,354.34,367.11
03-03-2017,40.11,158.17,355.34,368.11
06-03-2017,40.11,159.17,356.34,369.11
07-03-2017,40.11,160.17,357.34,370.11
08-03-2017,40.11,161.17,358.34,371.11
09-03-2017,40.11,162.17,359.34,372.11
10-03-2017,40.11,163.17,360.34,373.11
13-03-2017,40.11,164.17,361.34,374.11
14-03-2017,40.11,165.17,362.34,375.11
15-03-2017,40.11,166.17,363.34,376.11
16-03-2017,40.11,167.17,364.34,377.11
17-03-2017,40.11,168.17,365.34,378.11
20-03-2017,40.11,169.17,366.34,379.11
21-03-2017,40.11,170.17,367.34,380.11
22-03-2017,40.11,171.17,368.34,381.11
23-03-2017,40.11,172.17,369.34,382.11
24-03-2017,40.11,173.17,33.33,383.11
27-03-2017,40.11,174.17,34.33,384.11
28-03-2017,40.11,175.17,35.33,385.11
29-03-2017,40.11,176.17,36.33,386.11
30-03-2017,40.11,177.17,37.33,387.11
31-03-2017,40.11,178.17,38.33,388.11
03-04-2017,40.11,179.17,39.33,389.11
04-04-2017,40.11,180.17,40.33,390.11
05-04-2017,40.11,181.17,41.33,391.11
06-04-2017,40.11,182.17,42.33,392.11
07-04-2017,40.11,183.17,43.33,393.11
10-04-2017,40.11,184.17,44.33,394.11
11-04-2017,40.11,185.17,45.33,395.11
12-04-2017,40.11,186.17,46.33,396.11
13-04-2017,40.11,187.17,47.33,397.11
17-04-2017,40.11,188.17,48.33,398.11
18-04-2017,40.11,189.17,49.33,399.11
19-04-2017,40.11,190.17,50.33,400.11
20-04-2017,40.11,191.17,51.33,401.11
21-04-2017,40.11,192.17,52.33,402.11
24-04-2017,40.11,193.17,53.33,403.11
25-04-2017,40.11,194.17,54.33,404.11
26-04-2017,40.11,195.17,55.33,405.11
27-04-2017,40.11,196.17,56.33,406.11
28-04-2017,40.11,197.17,57.33,407.11
01-05-2017,40.11,198.17,58.33,408.11
02-05-2017,40.11,199.17,59.33,409.11
03-05-2017,40.11,200.17,60.33,410.11
04-05-2017,40.11,201.17,61.33,411.11
05-05-2017,40.11,202.17,62.33,412.11
08-05-2017,40.11,203.17,63.33,413.11
09-05-2017,40.11,204.17,64.33,414.11
10-05-2017,40.11,205.17,65.33,415.11
11-05-2017,40.11,206.17,66.33,416.11
12-05-2017,40.11,207.17,67.33,417.11
15-05-2017,40.11,208.17,68.33,418.11
16-05-2017,40.11,209.17,69.33,419.11
17-05-2017,40.11,210.17,70.33,420.11
18-05-2017,40.11,211.17,71.33,421.11
19-05-2017,40.11,212.17,72.33,422.11
22-05-2017,40.11,213.17,73.33,423.11
23-05-2017,40.11,214.17,74.33,424.11
24-05-2017,40.11,215.17,75.33,425.11
25-05-2017,40.11,216.17,76.33,426.11
26-05-2017,40.11,217.17,77.33,427.11
30-05-2017,40.11,218.17,78.33,428.11
31-05-2017,40.11,219.17,79.33,429.11
01-06-2017,40.11,220.17,80.33,430.11
02-06-2017,40.11,221.17,81.33,431.11
05-06-2017,40.11,222.17,82.33,432.11
06-06-2017,40.11,223.17,83.33,433.11
07-06-2017,40.11,224.17,84.33,434.11
08-06-2017,40.11,225.17,85.33,435.11
09-06-2017,40.11,226.17,86.33,436.11
12-06-2017,40.11,227.17,87.33,437.11
13-06-2017,40.11,228.17,88.33,438.11
14-06-2017,40.11,229.17,89.33,439.11
15-06-2017,40.11,230.17,90.33,440.11
16-06-2017,40.11,231.17,91.33,441.11
19-06-2017,40.11,232.17,92.33,442.11
20-06-2017,40.11,233.17,93.33,443.11
21-06-2017,40.11,234.17,94.33,444.11
22-06-2017,40.11,235.17,95.33,445.11
23-06-2017,40.11,236.17,96.33,446.11
26-06-2017,40.11,237.17,97.33,447.11
27-06-2017,40.11,238.17,98.33,448.11
28-06-2017,40.11,239.17,99.33,449.11
29-06-2017,40.11,240.17,100.33,450.11
30-06-2017,40.11,241.17,101.33,451.11
03-07-2017,40.11,242.17,102.33,452.11
05-07-2017,40.11,243.17,103.33,453.11
06-07-2017,40.11,244.17,104.33,454.11
07-07-2017,40.11,245.17,105.33,455.11
10-07-2017,40.11,246.17,106.33,456.11
11-07-2017,40.11,247.17,107.33,457.11
12-07-2017,40.11,248.17,108.33,458.11
13-07-2017,40.11,249.17,109.33,459.11
14-07-2017,40.11,250.17,110.33,460.11
17-07-2017,40.11,251.17,111.33,461.11
18-07-2017,40.11,252.17,112.33,462.11
19-07-2017,40.11,253.17,113.33,463.11
20-07-2017,40.11,254.17,114.33,464.11
21-07-2017,40.11,255.17,115.33,465.11
24-07-2017,40.11,256.17,116.33,466.11
25-07-2017,40.11,257.17,117.33,467.11
26-07-2017,40.11,258.17,118.33,468.11
27-07-2017,40.11,259.17,119.33,469.11
28-07-2017,40.11,260.17,120.33,470.11
31-07-2017,40.11,261.17,121.33,471.11
01-08-2017,40.11,262.17,122.33,472.11
02-08-2017,40.11,263.17,123.33,473.11
03-08-2017,40.11,264.17,124.33,474.11
04-08-2017,40.11,265.17,125.33,475.11
07-08-2017,40.11,266.17,126.33,476.11
08-08-2017,40.11,267.17,127.33,477.11
09-08-2017,40.11,268.17,128.33,478.11
10-08-2017,40.11,269.17,129.33,479.11
11-08-2017,40.11,270.17,130.33,480.11
14-08-2017,40.11,271.17,131.33,481.11
15-08-2017,40.11,272.17,132.33,482.11
16-08-2017,40.11,273.17,133.33,483.11
17-08-2017,40.11,274.17,134.33,484.11
18-08-2017,40.11,275.17,135.33,485.11
21-08-2017,40.11,276.17,136.33,486.11
22-08-2017,40.11,277.17,137.33,487.11
23-08-2017,40.11,278.17,138.33,488.11
24-08-2017,40.11,279.17,139.33,489.11
25-08-2017,40.11,280.17,140.33,490.11
28-08-2017,40.11,281.17,141.33,491.11
29-08-2017,40.11,282.17,142.33,492.11
30-08-2017,40.11,283.17,143.33,493.11
31-08-2017,40.11,284.17,144.33,494.11
01-09-2017,40.11,285.17,145.33,495.11
05-09-2017,40.11,286.17,146.33,496.11
06-09-2017,40.11,287.17,147.33,497.11
07-09-2017,40.11,288.17,148.33,498.11
08-09-2017,40.11,289.17,149.33,499.11
11-09-2017,40.11,290.17,150.33,500.11
12-09-2017,40.11,291.17,151.33,501.11
13-09-2017,40.11,292.17,152.33,502.11
14-09-2017,40.11,293.17,153.33,503.11
15-09-2017,40.11,294.17,154.33,504.11
18-09-2017,40.11,295.17,155.33,505.11
19-09-2017,40.11,296.17,156.33,506.11
20-09-2017,40.11,297.17,157.33,507.11
21-09-2017,40.11,298.17,158.33,508.11
22-09-2017,40.11,299.17,159.33,509.11
25-09-2017,40.11,300.17,160.33,510.11
26-09-2017,40.11,301.17,161.33,511.11
27-09-2017,40.11,302.17,162.33,512.11
28-09-2017,40.11,303.17,163.33,513.11
29-09-2017,40.11,304.17,164.33,514.11
02-10-2017,40.11,305.17,165.33,515.11
03-10-2017,40.11,306.17,166.33,516.11
04-10-2017,40.11,307.17,167.33,517.11
05-10-2017,40.11,308.17,168.33,518.11
06-10-2017,40.11,309.17,169.33,519.11
09-10-2017,40.11,310.17,170.33,520.11
10-10-2017,40.11,311.17,171.33,521.11
11-10-2017,40.11,312.17,172.33,522.11
12-10-2017,40.11,313.17,173.33,523.11
13-10-2017,40.11,314.17,174.33,524.11
16-10-2017,40.11,315.17,175.33,525.11
17-10-2017,40.11,316.17,176.33,526.11
18-10-2017,40.11,317.17,177.33,527.11
19-10-2017,40.11,318.17,178.33,528.11
20-10-2017,40.11,319.17,179.33,529.11
23-10-2017,40.11,320.17,180.33,530.11
24-10-2017,40.11,321.17,181.33,531.11
25-10-2017,40.11,322.17,182.33,532.11
26-10-2017,40.11,323.17,183.33,533.11
27-10-2017,40.11,324.17,184.33,534.11
30-10-2017,40.11,325.17,185.33,535.11
31-10-2017,40.11,326.17,186.33,536.11
01-11-2017,40.11,327.17,187.33,537.11
02-11-2017,40.11,328.17,188.33,538.11
03-11-2017,40.11,329.17,189.33,539.11
06-11-2017,40.11,330.17,190.33,540.11
07-11-2017,40.11,331.17,191.33,541.11
08-11-2017,40.11,332.17,192.33,542.11
09-11-2017,40.11,333.17,193.33,543.11
10-11-2017,40.11,334.17,194.33,544.11
13-11-2017,40.11,335.17,195.33,545.11
14-11-2017,40.11,336.17,196.33,546.11
15-11-2017,40.11,337.17,197.33,547.11
16-11-2017,40.11,338.17,198.33,548.11
17-11-2017,40.11,339.17,199.33,549.11
20-11-2017,40.11,340.17,200.33,550.11
21-11-2017,40.11,341.17,201.33,551.11
22-11-2017,40.11,342.17,202.33,552.11
24-11-2017,40.11,343.17,203.33,553.11
27-11-2017,40.11,344.17,204.33,554.11
28-11-2017,40.11,345.17,205.33,555.11
29-11-2017,40.11,346.17,206.33,45.21
30-11-2017,40.11,347.17,207.33,46.21
01-12-2017,40.11,348.17,208.33,47.21
04-12-2017,40.11,349.17,209.33,48.21
05-12-2017,40.11,350.17,210.33,49.21
06-12-2017,40.11,351.17,211.33,50.21
07-12-2017,40.11,352.17,212.33,51.21
08-12-2017,40.11,353.17,213.33,52.21
11-12-2017,40.11,354.17,214.33,53.21
12-12-2017,40.11,355.17,215.33,54.21
13-12-2017,40.11,356.17,216.33,55.21
14-12-2017,40.11,357.17,217.33,56.21
15-12-2017,40.11,358.17,218.33,57.21
18-12-2017,40.11,359.17,219.33,58.21
19-12-2017,40.11,360.17,220.33,59.21
20-12-2017,40.11,361.17,221.33,60.21
21-12-2017,40.11,362.17,222.33,61.21
22-12-2017,40.11,363.17,223.33,62.21
26-12-2017,40.11,364.17,224.33,63.21
27-12-2017,40.11,365.17,225.33,64.21
28-12-2017,40.11,366.17,226.33,65.21
29-12-2017,40.11,367.17,227.33,66.21
02-01-2018,40.11,368.17,228.33,67.21
03-01-2018,40.11,369.17,229.33,68.21
04-01-2018,40.11,370.17,230.33,69.21
05-01-2018,40.11,371.17,231.33,70.21
08-01-2018,40.11,372.17,232.33,71.21
09-01-2018,40.11,373.17,233.33,72.21
10-01-2018,40.11,374.17,234.33,73.21
11-01-2018,40.11,375.17,235.33,74.21
12-01-2018,40.11,376.17,236.33,75.21
16-01-2018,40.11,377.17,237.33,76.21
17-01-2018,40.11,378.17,238.33,77.21
18-01-2018,40.11,379.17,239.33,78.21
19-01-2018,40.11,380.17,240.33,79.21
22-01-2018,40.11,381.17,241.33,80.21
23-01-2018,40.11,382.17,242.33,81.21
24-01-2018,40.11,383.17,243.33,82.21
25-01-2018,40.11,384.17,244.33,83.21
26-01-2018,40.11,385.17,245.33,84.21
29-01-2018,40.11,386.17,246.33,85.21
30-01-2018,40.11,387.17,247.33,86.21
31-01-2018,40.11,388.17,248.33,87.21
01-02-2018,40.11,389.17,249.33,88.21
02-02-2018,40.11,390.17,250.33,89.21
05-02-2018,40.11,391.17,251.33,90.21
06-02-2018,40.11,392.17,252.33,91.21
07-02-2018,40.11,393.17,253.33,92.21
08-02-2018,40.11,394.17,254.33,93.21
09-02-2018,40.11,395.17,255.33,94.21
12-02-2018,40.11,396.17,256.33,95.21
13-02-2018,40.11,397.17,257.33,96.21
14-02-2018,40.11,398.17,258.33,97.21
15-02-2018,40.11,399.17,259.33,98.21
16-02-2018,40.11,400.17,260.33,99.21
20-02-2018,40.11,401.17,261.33,100.21
21-02-2018,40.11,402.17,262.33,101.21
22-02-2018,40.11,403.17,263.33,102.21
23-02-2018,40.11,404.17,264.33,103.21
26-02-2018,40.11,405.17,265.33,104.21
27-02-2018,40.11,406.17,266.33,105.21
28-02-2018,40.11,407.17,267.33,106.21
01-03-2018,40.11,408.17,268.33,107.21
02-03-2018,40.11,409.17,269.33,108.21
05-03-2018,40.11,410.17,270.33,109.21
06-03-2018,40.11,411.17,271.33,110.21
07-03-2018,40.11,412.17,272.33,111.21
08-03-2018,40.11,413.17,273.33,112.21
09-03-2018,40.11,414.17,274.33,113.21
12-03-2018,40.11,415.17,275.33,114.21
13-03-2018,40.11,416.17,276.33,115.21
14-03-2018,40.11,417.17,277.33,116.21
15-03-2018,40.11,418.17,278.33,117.21
16-03-2018,40.11,419.17,279.33,118.21
19-03-2018,40.11,420.17,280.33,119.21
20-03-2018,40.11,421.17,281.33,120.21
21-03-2018,40.11,422.17,282.33,121.21
22-03-2018,40.11,423.17,283.33,122.21
23-03-2018,40.11,424.17,284.33,123.21
26-03-2018,40.11,425.17,285.33,124.21
27-03-2018,40.11,426.17,286.33,125.21
28-03-2018,40.11,427.17,287.33,126.21
29-03-2018,40.11,428.17,288.33,127.21
02-04-2018,40.11,429.17,289.33,128.21
03-04-2018,40.11,430.17,290.33,129.21
04-04-2018,40.11,431.17,291.33,130.21
05-04-2018,40.11,432.17,292.33,131.21
06-04-2018,40.11,433.17,293.33,132.21
09-04-2018,40.11,434.17,294.33,133.21
10-04-2018,40.11,435.17,295.33,134.21
11-04-2018,40.11,436.17,296.33,135.21
12-04-2018,40.11,437.17,297.33,136.21
13-04-2018,40.11,438.17,298.33,137.21
16-04-2018,40.11,439.17,299.33,138.21
17-04-2018,40.11,440.17,300.33,139.21
18-04-2018,40.11,441.17,301.33,140.21
19-04-2018,40.11,442.17,302.33,141.21
20-04-2018,40.11,443.17,303.33,142.21
23-04-2018,40.11,444.17,304.33,143.21
24-04-2018,40.11,445.17,305.33,144.21
25-04-2018,40.11,446.17,306.33,145.21
26-04-2018,40.11,447.17,307.33,146.21
27-04-2018,40.11,448.17,308.33,147.21
30-04-2018,40.11,449.17,309.33,148.21
01-05-2018,40.11,450.17,310.33,149.21
02-05-2018,40.11,451.17,311.33,150.21
03-05-2018,40.11,452.17,312.33,151.21
04-05-2018,40.11,453.17,313.33,152.21
07-05-2018,40.11,454.17,314.33,153.21
08-05-2018,40.11,455.17,315.33,154.21
09-05-2018,40.11,456.17,316.33,155.21
10-05-2018,40.11,457.17,317.33,156.21
11-05-2018,40.11,458.17,318.33,157.21
14-05-2018,40.11,459.17,319.33,158.21
15-05-2018,40.11,460.17,320.33,159.21
16-05-2018,40.11,461.17,321.33,160.21
17-05-2018,40.11,462.17,322.33,161.21
18-05-2018,40.11,463.17,323.33,162.21
21-05-2018,40.11,464.17,324.33,163.21
22-05-2018,40.11,465.17,325.33,164.21
23-05-2018,40.11,466.17,326.33,165.21
24-05-2018,40.11,467.17,327.33,166.21
25-05-2018,40.11,468.17,328.33,167.21
29-05-2018,40.11,469.17,329.33,168.21
30-05-2018,40.11,470.17,330.33,169.21
31-05-2018,40.11,471.17,331.33,170.21
01-06-2018,40.11,472.17,332.33,171.21
04-06-2018,40.11,473.17,333.33,172.21
05-06-2018,40.11,474.17,334.33,173.21
06-06-2018,40.11,475.17,335.33,174.21
07-06-2018,40.11,476.17,336.33,175.21
08-06-2018,40.11,477.17,337.33,176.21
11-06-2018,40.11,478.17,338.33,177.21
12-06-2018,40.11,479.17,339.33,178.21
13-06-2018,40.11,480.17,340.33,179.21
14-06-2018,40.11,481.17,341.33,180.21
15-06-2018,40.11,482.17,342.33,181.21
18-06-2018,40.11,483.17,343.33,182.21
19-06-2018,40.11,484.17,344.33,183.21
20-06-2018,40.11,1.24,345.33,184.21
21-06-2018,40.11,2.24,346.33,185.21
22-06-2018,40.11,3.24,347.33,186.21
25-06-2018,40.11,4.24,348.33,187.21
26-06-2018,40.11,5.24,349.33,188.21
27-06-2018,40.11,6.24,350.33,189.21
28-06-2018,40.11,7.24,351.33,190.21
29-06-2018,40.11,8.24,352.33,191.21
02-07-2018,40.11,9.24,353.33,192.21
03-07-2018,40.11,10.24,354.33,193.21
05-07-2018,40.11,11.24,355.33,194.21
06-07-2018,40.11,12.24,356.33,195.21
09-07-2018,40.11,13.24,357.33,196.21
10-07-2018,40.11,14.24,358.33,197.21
11-07-2018,40.11,15.24,359.33,198.21
12-07-2018,40.11,16.24,360.33,199.21
13-07-2018,40.11,17.24,361.33,200.21
16-07-2018,40.11,18.24,362.33,201.21
17-07-2018,40.11,19.24,363.33,202.21
18-07-2018,40.11,20.24,364.33,203.21
19-07-2018,40.11,21.24,365.33,204.21
20-07-2018,40.11,22.24,366.33,205.21
23-07-2018,40.11,23.24,367.33,206.21
24-07-2018,40.11,24.24,368.33,207.21
25-07-2018,40.11,25.24,369.33,208.21
26-07-2018,40.11,26.24,370.33,209.21
27-07-2018,40.11,27.24,371.33,210.21
30-07-2018,40.11,28.24,372.33,211.21
31-07-2018,40.11,29.24,373.33,212.21
01-08-2018,40.11,30.24,374.33,213.21
02-08-2018,40.11,31.24,375.33,214.21
03-08-2018,40.11,32.24,376.33,215.21
06-08-2018,40.11,33.24,377.33,216.21
07-08-2018,40.11,34.24,378.33,217.21
08-08-2018,40.11,35.24,379.33,218.21
09-08-2018,40.11,36.24,380.33,219.21
10-08-2018,40.11,37.24,381.33,220.21
13-08-2018,40.11,38.24,382.33,221.21
14-08-2018,40.11,39.24,383.33,222.21
15-08-2018,40.11,40.24,384.33,223.21
16-08-2018,40.11,41.24,385.33,224.21
17-08-2018,40.11,42.24,386.33,225.21
20-08-2018,40.11,43.24,387.33,226.21
21-08-2018,40.11,44.24,388.33,227.21
22-08-2018,40.11,45.24,389.33,228.21
23-08-2018,40.11,46.24,390.33,229.21
24-08-2018,40.11,47.24,391.33,230.21
27-08-2018,40.11,48.24,392.33,231.21
28-08-2018,40.11,49.24,393.33,232.21
29-08-2018,40.11,50.24,394.33,233.21
30-08-2018,40.11,51.24,395.33,234.21
31-08-2018,40.11,52.24,396.33,235.21
04-09-2018,40.11,53.24,397.33,236.21
05-09-2018,40.11,54.24,398.33,237.21
06-09-2018,40.11,55.24,399.33,238.21
07-09-2018,40.11,56.24,400.33,239.21
10-09-2018,40.11,57.24,401.33,240.21
11-09-2018,40.11,58.24,402.33,241.21
12-09-2018,40.11,59.24,403.33,242.21
13-09-2018,40.11,60.24,404.33,243.21
14-09-2018,40.11,61.24,405.33,244.21
17-09-2018,40.11,62.24,406.33,245.21
18-09-2018,40.11,63.24,407.33,246.21
19-09-2018,40.11,64.24,408.33,247.21
20-09-2018,40.11,65.24,409.33,248.21
21-09-2018,40.11,66.24,410.33,249.21
24-09-2018,40.11,67.24,411.33,250.21
25-09-2018,40.11,68.24,412.33,251.21
26-09-2018,40.11,69.24,413.33,252.21
27-09-2018,40.11,70.24,414.33,253.21
28-09-2018,40.11,71.24,415.33,254.21
01-10-2018,40.11,72.24,416.33,255.21
02-10-2018,40.11,73.24,417.33,256.21
03-10-2018,40.11,74.24,418.33,257.21
04-10-2018,40.11,75.24,419.33,258.21
05-10-2018,40.11,76.24,420.33,259.21
08-10-2018,40.11,77.24,421.33,260.21
09-10-2018,40.11,78.24,422.33,261.21
10-10-2018,40.11,79.24,423.33,262.21
11-10-2018,40.11,80.24,424.33,263.21
12-10-2018,40.11,81.24,425.33,264.21
15-10-2018,40.11,82.24,426.33,265.21
16-10-2018,40.11,83.24,427.33,266.21
17-10-2018,40.11,84.24,428.33,267.21
18-10-2018,40.11,85.24,429.33,268.21
19-10-2018,40.11,86.24,430.33,269.21
22-10-2018,40.11,87.24,431.33,270.21
23-10-2018,40.11,88.24,432.33,271.21
24-10-2018,40.11,89.24,433.33,272.21
25-10-2018,40.11,90.24,434.33,273.21
26-10-2018,40.11,91.24,435.33,274.21
29-10-2018,40.11,92.24,436.33,275.21
30-10-2018,40.11,93.24,437.33,276.21
31-10-2018,40.11,94.24,438.33,277.21
01-11-2018,40.11,95.24,439.33,278.21
02-11-2018,40.11,96.24,440.33,279.21
05-11-2018,40.11,97.24,441.33,280.21
06-11-2018,40.11,98.24,442.33,281.21
07-11-2018,40.11,99.24,443.33,282.21
08-11-2018,40.11,100.24,444.33,283.21
09-11-2018,40.11,101.24,445.33,284.21
12-11-2018,40.11,102.24,446.33,285.21
13-11-2018,40.11,103.24,447.33,286.21
14-11-2018,40.11,104.24,448.33,287.21
15-11-2018,40.11,105.24,449.33,288.21
16-11-2018,40.11,106.24,450.33,289.21
19-11-2018,40.11,107.24,451.33,290.21
20-11-2018,40.11,108.24,452.33,291.21
21-11-2018,40.11,109.24,453.33,292.21
23-11-2018,40.11,110.24,454.33,293.21
26-11-2018,40.11,111.24,455.33,294.21
27-11-2018,40.11,112.24,456.33,295.21
28-11-2018,40.11,113.24,457.33,296.21
29-11-2018,40.11,114.24,458.33,297.21
30-11-2018,40.11,115.24,459.33,298.21
03-12-2018,40.11,116.24,460.33,299.21
04-12-2018,40.11,117.24,461.33,300.21
06-12-2018,40.11,118.24,462.33,301.21
07-12-2018,40.11,119.24,463.33,302.21
10-12-2018,40.11,120.24,464.33,303.21
11-12-2018,40.11,121.24,465.33,304.21
12-12-2018,40.11,122.24,466.33,305.21
13-12-2018,40.11,123.24,467.33,306.21
14-12-2018,40.11,124.24,468.33,307.21
17-12-2018,40.11,125.24,469.33,308.21
18-12-2018,40.11,126.24,470.33,309.21
19-12-2018,40.11,127.24,471.33,310.21
20-12-2018,40.11,128.24,472.33,311.21
21-12-2018,40.11,129.24,473.33,312.21
24-12-2018,40.11,130.24,474.33,313.21
26-12-2018,40.11,131.24,475.33,314.21
27-12-2018,40.11,132.24,476.33,315.21
28-12-2018,40.11,133.24,477.33,316.21
31-12-2018,40.11,134.24,478.33,317.21
02-01-2019,40.11,135.24,479.33,318.21
03-01-2019,40.11,136.24,480.33,319.21
04-01-2019,40.11,137.24,481.33,320.21
07-01-2019,40.11,138.24,482.33,321.21
08-01-2019,40.11,139.24,483.33,322.21
09-01-2019,40.11,140.24,484.33,323.21
10-01-2019,40.11,141.24,485.33,324.21
11-01-2019,40.11,142.24,486.33,325.21
14-01-2019,40.11,143.24,487.33,326.21
15-01-2019,40.11,144.24,488.33,327.21
16-01-2019,40.11,145.24,489.33,328.21
17-01-2019,40.11,146.24,490.33,329.21
18-01-2019,40.11,147.24,491.33,330.21
22-01-2019,40.11,148.24,492.33,331.21
23-01-2019,40.11,149.24,493.33,332.21
24-01-2019,40.11,150.24,494.33,333.21
25-01-2019,40.11,151.24,495.33,334.21
28-01-2019,40.11,152.24,496.33,335.21
29-01-2019,40.11,153.24,497.33,336.21
30-01-2019,40.11,154.24,498.33,337.21
31-01-2019,40.11,155.24,499.33,338.21
01-02-2019,40.11,156.24,500.33,339.21
04-02-2019,40.11,157.24,501.33,340.21
05-02-2019,40.11,158.24,502.33,341.21
06-02-2019,40.11,159.24,503.33,342.21
07-02-2019,40.11,160.24,504.33,343.21
08-02-2019,40.11,161.24,505.33,344.21
11-02-2019,40.11,162.24,506.33,345.21
12-02-2019,40.11,163.24,507.33,346.21
13-02-2019,40.11,164.24,508.33,347.21
14-02-2019,40.11,165.24,509.33,348.21
15-02-2019,40.11,166.24,510.33,349.21
19-02-2019,40.11,167.24,511.33,350.21
20-02-2019,40.11,168.24,512.33,351.21
21-02-2019,40.11,169.24,513.33,352.21
22-02-2019,40.11,170.24,514.33,353.21
25-02-2019,40.11,171.24,515.33,354.21
26-02-2019,40.11,172.24,516.33,355.21
27-02-2019,40.11,173.24,517.33,356.21
28-02-2019,40.11,174.24,518.33,357.21
01-03-2019,40.11,175.24,519.33,358.21
04-03-2019,40.11,176.24,520.33,359.21
05-03-2019,40.11,177.24,521.33,360.21
06-03-2019,40.11,178.24,522.33,361.21
07-03-2019,40.11,179.24,523.33,362.21
08-03-2019,40.11,180.24,524.33,363.21
11-03-2019,40.11,181.24,525.33,364.21
12-03-2019,40.11,182.24,526.33,365.21
13-03-2019,40.11,183.24,527.33,366.21
14-03-2019,40.11,184.24,528.33,367.21
15-03-2019,40.11,185.24,529.33,368.21
18-03-2019,40.11,186.24,530.33,369.21
19-03-2019,40.11,187.24,531.33,370.21
20-03-2019,40.11,188.24,532.33,371.21
21-03-2019,40.11,189.24,533.33,372.21
22-03-2019,40.11,190.24,534.33,373.21
25-03-2019,40.11,191.24,535.33,374.21
26-03-2019,40.11,192.24,536.33,375.21
27-03-2019,40.11,193.24,537.33,376.21
28-03-2019,40.11,194.24,538.33,377.21
29-03-2019,40.11,195.24,539.33,378.21
01-04-2019,40.11,196.24,540.33,379.21
02-04-2019,40.11,197.24,541.33,380.21
03-04-2019,40.11,198.24,542.33,381.21
04-04-2019,40.11,199.24,543.33,382.21
05-04-2019,40.11,200.24,544.33,383.21
08-04-2019,40.11,201.24,545.33,384.21
09-04-2019,40.11,202.24,546.33,385.21
10-04-2019,40.11,203.24,547.33,386.21
11-04-2019,40.11,204.24,548.33,387.21
12-04-2019,40.11,205.24,549.33,388.21
15-04-2019,40.11,206.24,550.33,389.21
16-04-2019,40.11,207.24,551.33,390.21
17-04-2019,40.11,208.24,552.33,391.21
18-04-2019,40.11,209.24,553.33,392.21
22-04-2019,40.11,210.24,554.33,393.21
23-04-2019,40.11,211.24,555.33,394.21
24-04-2019,40.11,212.24,556.33,395.21
25-04-2019,40.11,213.24,557.33,396.21
26-04-2019,40.11,214.24,558.33,397.21
29-04-2019,40.11,215.24,559.33,398.21
30-04-2019,40.11,216.24,560.33,399.21
01-05-2019,40.11,217.24,561.33,400.21
02-05-2019,40.11,218.24,562.33,401.21
03-05-2019,40.11,219.24,563.33,402.21
06-05-2019,40.11,220.24,564.33,403.21
07-05-2019,40.11,221.24,565.33,404.21
08-05-2019,40.11,222.24,566.33,405.21
09-05-2019,40.11,223.24,567.33,406.21
10-05-2019,40.11,224.24,568.33,407.21
13-05-2019,40.11,225.24,569.33,408.21
14-05-2019,40.11,226.24,570.33,409.21
15-05-2019,40.11,227.24,571.33,410.21
16-05-2019,40.11,228.24,572.33,411.21
17-05-2019,40.11,229.24,573.33,412.21
20-05-2019,40.11,230.24,574.33,413.21
21-05-2019,40.11,231.24,575.33,414.21
22-05-2019,40.11,232.24,576.33,415.21
23-05-2019,40.11,233.24,577.33,416.21
24-05-2019,40.11,234.24,578.33,417.21
28-05-2019,40.11,235.24,579.33,418.21
29-05-2019,40.11,236.24,580.33,419.21
30-05-2019,40.11,237.24,581.33,420.21
31-05-2019,40.11,238.24,582.33,421.21
03-06-2019,40.11,239.24,583.33,422.21
04-06-2019,40.11,240.24,584.33,423.21
05-06-2019,40.11,241.24,585.33,424.21
06-06-2019,40.11,242.24,586.33,425.21
07-06-2019,40.11,243.24,587.33,426.21
10-06-2019,40.11,244.24,588.33,427.21
11-06-2019,40.11,245.24,589.33,428.21
12-06-2019,40.11,246.24,590.33,429.21
13-06-2019,40.11,247.24,591.33,430.21
14-06-2019,40.11,248.24,592.33,431.21
17-06-2019,40.11,249.24,593.33,432.21
18-06-2019,40.11,250.24,594.33,433.21
19-06-2019,40.11,251.24,595.33,434.21
20-06-2019,40.11,252.24,596.33,435.21
21-06-2019,40.11,253.24,597.33,436.21
24-06-2019,40.11,254.24,598.33,437.21
25-06-2019,40.11,255.24,599.33,438.21
26-06-2019,40.11,256.24,600.33,439.21
27-06-2019,40.11,257.24,601.33,440.21
28-06-2019,40.11,258.24,602.33,441.21
01-07-2019,40.11,259.24,603.33,442.21
02-07-2019,40.11,260.24,604.33,443.21
03-07-2019,40.11,261.24,605.33,444.21
05-07-2019,40.11,262.24,606.33,445.21
08-07-2019,40.11,263.24,607.33,446.21
09-07-2019,40.11,264.24,608.33,447.21
10-07-2019,40.11,265.24,609.33,448.21
11-07-2019,40.11,266.24,610.33,449.21
12-07-2019,40.11,267.24,611.33,450.21
15-07-2019,40.11,268.24,612.33,451.21
16-07-2019,40.11,269.24,613.33,452.21
17-07-2019,40.11,270.24,614.33,453.21
18-07-2019,40.11,271.24,615.33,454.21
19-07-2019,40.11,272.24,616.33,455.21
22-07-2019,40.11,273.24,617.33,456.21
23-07-2019,40.11,274.24,618.33,457.21
24-07-2019,40.11,275.24,619.33,458.21
25-07-2019,40.11,276.24,620.33,459.21
26-07-2019,40.11,277.24,621.33,460.21
29-07-2019,40.11,278.24,622.33,461.21
30-07-2019,40.11,279.24,623.33,462.21
31-07-2019,40.11,280.24,624.33,463.21
01-08-2019,40.11,281.24,625.33,464.21
02-08-2019,40.11,282.24,626.33,465.21
05-08-2019,40.11,283.24,627.33,466.21
06-08-2019,40.11,284.24,628.33,467.21
07-08-2019,40.11,285.24,629.33,468.21
08-08-2019,40.11,286.24,630.33,469.21
09-08-2019,40.11,287.24,631.33,470.21
12-08-2019,40.11,288.24,632.33,471.21
13-08-2019,40.11,289.24,633.33,472.21
14-08-2019,40.11,290.24,634.33,473.21
15-08-2019,40.11,291.24,635.33,474.21
16-08-2019,40.11,292.24,636.33,475.21
19-08-2019,40.11,293.24,637.33,476.21
20-08-2019,40.11,294.24,638.33,477.21
21-08-2019,40.11,295.24,639.33,478.21
22-08-2019,40.11,296.24,640.33,479.21
23-08-2019,40.11,297.24,641.33,480.21
26-08-2019,40.11,298.24,642.33,481.21
27-08-2019,40.11,299.24,643.33,482.21
28-08-2019,40.11,300.24,644.33,483.21
29-08-2019,40.11,301.24,645.33,484.21
30-08-2019,40.11,302.24,646.33,485.21
03-09-2019,40.11,303.24,647.33,486.21
04-09-2019,40.11,304.24,648.33,487.21
05-09-2019,40.11,305.24,649.33,488.21
06-09-2019,40.11,306.24,650.33,489.21
09-09-2019,40.11,307.24,651.33,490.21
10-09-2019,40.11,308.24,652.33,491.21
11-09-2019,40.11,309.24,653.33,492.21
12-09-2019,40.11,310.24,654.33,493.21
13-09-2019,40.11,311.24,655.33,494.21
16-09-2019,40.11,312.24,656.33,495.21
17-09-2019,40.11,313.24,657.33,496.21
18-09-2019,40.11,314.24,658.33,497.21
19-09-2019,40.11,315.24,659.33,498.21
20-09-2019,40.11,316.24,660.33,499.21
23-09-2019,40.11,317.24,661.33,500.21
24-09-2019,40.11,318.24,662.33,501.21
25-09-2019,40.11,319.24,663.33,502.21
26-09-2019,40.11,320.24,664.33,503.21
27-09-2019,40.11,321.24,665.33,504.21
30-09-2019,40.11,322.24,666.33,505.21
01-10-2019,40.11,323.24,667.33,506.21
02-10-2019,40.11,324.24,668.33,507.21
03-10-2019,40.11,325.24,669.33,508.21
04-10-2019,40.11,326.24,670.33,509.21
07-10-2019,40.11,327.24,671.33,510.21
08-10-2019,40.11,328.24,672.33,511.21
09-10-2019,40.11,329.24,673.33,512.21
10-10-2019,40.11,330.24,674.33,513.21
11-10-2019,40.11,331.24,675.33,514.21
14-10-2019,40.11,332.24,676.33,515.21
15-10-2019,40.11,333.24,677.33,516.21
16-10-2019,40.11,334.24,678.33,517.21
17-10-2019,40.11,335.24,679.33,518.21
18-10-2019,40.11,336.24,680.33,519.21
21-10-2019,40.11,337.24,681.33,520.21
22-10-2019,40.11,338.24,682.33,521.21
23-10-2019,40.11,339.24,683.33,522.21
24-10-2019,40.11,340.24,684.33,523.21
25-10-2019,40.11,341.24,685.33,524.21
28-10-2019,40.11,342.24,686.33,525.21
29-10-2019,40.11,343.24,687.33,526.21
30-10-2019,40.11,344.24,688.33,527.21
31-10-2019,40.11,345.24,689.33,528.21
01-11-2019,40.11,346.24,690.33,529.21
04-11-2019,40.11,347.24,691.33,530.21
05-11-2019,40.11,348.24,692.33,531.21
06-11-2019,40.11,349.24,693.33,532.21
07-11-2019,40.11,350.24,694.33,533.21
08-11-2019,40.11,351.24,695.33,534.21
11-11-2019,40.11,352.24,696.33,535.21
12-11-2019,40.11,353.24,697.33,536.21
13-11-2019,40.11,354.24,698.33,537.21
14-11-2019,40.11,355.24,699.33,538.21
15-11-2019,40.11,356.24,700.33,539.21
18-11-2019,40.11,357.24,701.33,540.21
19-11-2019,40.11,358.24,702.33,541.21
20-11-2019,40.11,359.24,703.33,542.21
21-11-2019,40.11,360.24,704.33,543.21
22-11-2019,40.11,361.24,705.33,544.21
25-11-2019,40.11,362.24,706.33,545.21
26-11-2019,40.11,363.24,707.33,546.21
27-11-2019,40.11,364.24,708.33,547.21
29-11-2019,40.11,365.24,709.33,548.21
02-12-2019,40.11,366.24,710.33,549.21
03-12-2019,40.11,367.24,711.33,550.21
04-12-2019,40.11,368.24,712.33,551.21
05-12-2019,40.11,369.24,713.33,552.21
06-12-2019,40.11,370.24,714.33,553.21
09-12-2019,40.11,371.24,715.33,554.21
10-12-2019,40.11,372.24,716.33,555.21
11-12-2019,40.11,373.24,717.33,556.21
12-12-2019,40.11,374.24,718.33,557.21
13-12-2019,40.11,375.24,719.33,558.21
16-12-2019,40.11,376.24,720.33,559.21
17-12-2019,40.11,377.24,721.33,560.21
18-12-2019,40.11,378.24,722.33,561.21
19-12-2019,40.11,379.24,723.33,562.21
20-12-2019,40.11,380.24,724.33,563.21
23-12-2019,40.11,381.24,725.33,564.21
24-12-2019,40.11,382.24,726.33,565.21
26-12-2019,40.11,383.24,727.33,566.21
27-12-2019,40.11,384.24,728.33,567.21
30-12-2019,40.11,385.24,729.33,568.21
31-12-2019,40.11,386.24,730.33,569.21
01-01-2020,41.11,386.24,730.33,570.21
02-01-2020,42.11,386.24,730.33,571.21
03-01-2020,43.11,386.24,730.33,572.21
04-01-2020,44.11,386.24,730.33,573.21
05-01-2020,45.11,386.24,730.33,574.21
06-01-2020,46.11,386.24,730.33,575.21
07-01-2020,47.11,386.24,730.33,576.21
08-01-2020,48.11,386.24,730.33,577.21
09-01-2020,49.11,386.24,730.33,578.21
10-01-2020,50.11,386.24,730.33,579.21
11-01-2020,51.11,386.24,730.33,580.21
12-01-2020,52.11,386.24,730.33,581.21
13-01-2020,53.11,386.24,730.33,582.21
14-01-2020,54.11,386.24,730.33,583.21
15-01-2020,55.11,386.24,730.33,584.21
16-01-2020,56.11,386.24,730.33,585.21
17-01-2020,57.11,386.24,730.33,586.21
18-01-2020,58.11,386.24,730.33,587.21
19-01-2020,59.11,386.24,730.33,588.21
20-01-2020,60.11,386.24,730.33,589.21
21-01-2020,61.11,386.24,730.33,590.21
22-01-2020,62.11,386.24,730.33,591.21
23-01-2020,63.11,386.24,730.33,592.21
24-01-2020,64.11,386.24,730.33,593.21
25-01-2020,65.11,386.24,730.33,594.21
26-01-2020,66.11,386.24,730.33,595.21
27-01-2020,67.11,386.24,730.33,596.21
28-01-2020,68.11,386.24,730.33,597.21
29-01-2020,69.11,386.24,730.33,598.21
30-01-2020,70.11,386.24,730.33,599.21
31-01-2020,71.11,386.24,730.33,600.21
01-02-2020,72.11,386.24,730.33,601.21
02-02-2020,73.11,386.24,730.33,602.21
03-02-2020,74.11,386.24,730.33,603.21
04-02-2020,75.11,386.24,730.33,604.21
05-02-2020,76.11,386.24,730.33,605.21
06-02-2020,77.11,386.24,730.33,606.21
07-02-2020,78.11,386.24,730.33,607.21
08-02-2020,79.11,386.24,730.33,608.21
09-02-2020,80.11,386.24,730.33,609.21
10-02-2020,81.11,386.24,730.33,610.21
11-02-2020,82.11,386.24,730.33,611.21
12-02-2020,83.11,386.24,730.33,612.21
13-02-2020,84.11,386.24,730.33,613.21
14-02-2020,85.11,386.24,730.33,614.21
15-02-2020,86.11,386.24,730.33,615.21
16-02-2020,87.11,386.24,730.33,616.21
17-02-2020,88.11,386.24,730.33,617.21
18-02-2020,89.11,386.24,730.33,618.21
19-02-2020,90.11,386.24,730.33,619.21
20-02-2020,91.11,386.24,730.33,620.21
21-02-2020,92.11,386.24,730.33,621.21
22-02-2020,93.11,386.24,730.33,622.21
23-02-2020,94.11,386.24,730.33,623.21
24-02-2020,95.11,386.24,730.33,624.21
25-02-2020,96.11,386.24,730.33,625.21
26-02-2020,97.11,386.24,730.33,626.21
27-02-2020,98.11,386.24,730.33,627.21
28-02-2020,99.11,386.24,730.33,628.21
29-02-2020,100.11,386.24,730.33,629.21
01-03-2020,101.11,386.24,730.33,630.21
02-03-2020,102.11,386.24,730.33,631.21
03-03-2020,103.11,386.24,730.33,632.21
04-03-2020,104.11,386.24,730.33,633.21
05-03-2020,105.11,386.24,730.33,634.21
06-03-2020,106.11,386.24,730.33,635.21
07-03-2020,107.11,386.24,730.33,636.21
08-03-2020,108.11,386.24,730.33,637.21
09-03-2020,109.11,386.24,730.33,638.21
10-03-2020,110.11,386.24,730.33,639.21
11-03-2020,1.13,386.24,730.33,640.21
12-03-2020,2.13,386.24,730.33,641.21
13-03-2020,3.13,386.24,730.33,642.21
14-03-2020,4.13,386.24,730.33,643.21
15-03-2020,5.13,386.24,730.33,644.21
16-03-2020,6.13,386.24,730.33,645.21
17-03-2020,7.13,386.24,730.33,646.21
18-03-2020,8.13,386.24,730.33,647.21
19-03-2020,9.13,386.24,730.33,648.21
20-03-2020,10.13,386.24,730.33,649.21
21-03-2020,11.13,386.24,730.33,650.21
22-03-2020,12.13,386.24,730.33,651.21
23-03-2020,13.13,386.24,730.33,652.21
24-03-2020,14.13,386.24,730.33,653.21
25-03-2020,15.13,386.24,730.33,654.21
26-03-2020,16.13,386.24,730.33,655.21
27-03-2020,17.13,386.24,730.33,656.21
28-03-2020,18.13,386.24,730.33,657.21
29-03-2020,19.13,386.24,730.33,658.21
30-03-2020,20.13,386.24,730.33,659.21
31-03-2020,21.13,386.24,730.33,660.21
01-04-2020,22.13,386.24,730.33,661.21
02-04-2020,23.13,386.24,730.33,662.21
03-04-2020,24.13,386.24,730.33,663.21
04-04-2020,25.13,386.24,730.33,664.21
05-04-2020,26.13,386.24,730.33,665.21
06-04-2020,27.13,386.24,730.33,666.21
07-04-2020,28.13,386.24,730.33,667.21
08-04-2020,29.13,386.24,730.33,668.21
09-04-2020,30.13,386.24,730.33,669.21
10-04-2020,31.13,386.24,730.33,670.21
11-04-2020,32.13,386.24,730.33,671.21
12-04-2020,33.13,386.24,730.33,672.21
13-04-2020,34.13,386.24,730.33,673.21
14-04-2020,35.13,386.24,730.33,674.21
15-04-2020,36.13,386.24,730.33,675.21
16-04-2020,37.13,386.24,730.33,676.21
17-04-2020,38.13,386.24,730.33,677.21
18-04-2020,39.13,386.24,730.33,678.21
19-04-2020,40.13,386.24,730.33,679.21
20-04-2020,41.13,386.24,730.33,680.21
21-04-2020,42.13,386.24,730.33,681.21
22-04-2020,43.13,386.24,730.33,682.21
23-04-2020,44.13,386.24,730.33,683.21
24-04-2020,45.13,386.24,730.33,684.21
25-04-2020,46.13,386.24,730.33,685.21
26-04-2020,47.13,386.24,730.33,686.21
27-04-2020,48.13,386.24,730.33,687.21
28-04-2020,49.13,386.24,730.33,688.21
29-04-2020,50.13,386.24,730.33,689.21
30-04-2020,51.13,386.24,730.33,690.21
01-05-2020,52.13,386.24,730.33,691.21
02-05-2020,53.13,386.24,730.33,692.21
03-05-2020,54.13,386.24,730.33,693.21
04-05-2020,55.13,386.24,730.33,694.21
05-05-2020,56.13,386.24,730.33,695.21
06-05-2020,57.13,386.24,730.33,696.21
07-05-2020,58.13,386.24,730.33,697.21
08-05-2020,59.13,386.24,730.33,698.21
09-05-2020,60.13,386.24,730.33,699.21
10-05-2020,61.13,386.24,730.33,700.21
11-05-2020,62.13,386.24,730.33,701.21
12-05-2020,63.13,386.24,730.33,702.21
13-05-2020,64.13,386.24,730.33,703.21
14-05-2020,65.13,386.24,730.33,704.21
15-05-2020,66.13,386.24,730.33,705.21
16-05-2020,67.13,386.24,730.33,706.21
17-05-2020,68.13,386.24,730.33,707.21
18-05-2020,69.13,386.24,730.33,708.21
19-05-2020,70.13,386.24,730.33,709.21
20-05-2020,71.13,386.24,730.33,710.21
21-05-2020,72.13,386.24,730.33,711.21
22-05-2020,73.13,386.24,730.33,712.21
23-05-2020,74.13,386.24,730.33,713.21
24-05-2020,75.13,386.24,730.33,714.21
25-05-2020,76.13,386.24,730.33,715.21
26-05-2020,77.13,386.24,730.33,716.21
27-05-2020,78.13,386.24,730.33,717.21
28-05-2020,79.13,386.24,730.33,718.21
29-05-2020,80.13,386.24,730.33,719.21
30-05-2020,81.13,386.24,730.33,720.21
31-05-2020,82.13,386.24,730.33,721.21
01-06-2020,83.13,386.24,730.33,722.21
02-06-2020,84.13,386.24,730.33,723.21
03-06-2020,85.13,386.24,730.33,724.21
04-06-2020,86.13,386.24,730.33,725.21
05-06-2020,87.13,386.24,730.33,726.21
06-06-2020,88.13,386.24,730.33,727.21
07-06-2020,89.13,386.24,730.33,728.21
08-06-2020,90.13,386.24,730.33,729.21
09-06-2020,91.13,386.24,730.33,730.21
10-06-2020,92.13,386.24,730.33,731.21
11-06-2020,93.13,386.24,730.33,732.21
12-06-2020,94.13,386.24,730.33,733.21
13-06-2020,95.13,386.24,730.33,734.21
14-06-2020,96.13,386.24,730.33,735.21
15-06-2020,97.13,386.24,730.33,736.21
16-06-2020,98.13,386.24,730.33,737.21
17-06-2020,99.13,386.24,730.33,738.21
18-06-2020,100.13,386.24,730.33,739.21
19-06-2020,101.13,386.24,730.33,740.21
20-06-2020,102.13,386.24,730.33,741.21
21-06-2020,103.13,386.24,730.33,742.21
22-06-2020,104.13,386.24,730.33,743.21
23-06-2020,105.13,386.24,730.33,744.21
24-06-2020,106.13,386.24,730.33,745.21
25-06-2020,107.13,386.24,730.33,746.21
26-06-2020,108.13,386.24,730.33,747.21
27-06-2020,109.13,386.24,730.33,748.21
28-06-2020,110.13,386.24,730.33,749.21
29-06-2020,1.14,386.24,730.33,750.21
30-06-2020,2.14,386.24,730.33,751.21
01-07-2020,3.14,386.24,730.33,752.21
02-07-2020,4.14,386.24,730.33,753.21
03-07-2020,5.14,386.24,730.33,754.21
04-07-2020,6.14,386.24,730.33,755.21
05-07-2020,7.14,386.24,730.33,756.21
06-07-2020,8.14,386.24,730.33,757.21
07-07-2020,9.14,386.24,730.33,758.21
08-07-2020,10.14,386.24,730.33,759.21
09-07-2020,11.14,386.24,730.33,760.21
10-07-2020,12.14,386.24,730.33,761.21
11-07-2020,13.14,386.24,730.33,762.21
12-07-2020,14.14,386.24,730.33,763.21
13-07-2020,15.14,386.24,730.33,764.21
14-07-2020,16.14,386.24,730.33,765.21
15-07-2020,17.14,386.24,730.33,766.21
16-07-2020,18.14,386.24,730.33,767.21
17-07-2020,19.14,386.24,730.33,768.21
18-07-2020,20.14,386.24,730.33,769.21
19-07-2020,21.14,386.24,730.33,770.21
20-07-2020,22.14,386.24,730.33,771.21
21-07-2020,23.14,386.24,730.33,772.21
22-07-2020,24.14,386.24,730.33,773.21
23-07-2020,25.14,386.24,730.33,774.21
24-07-2020,26.14,386.24,730.33,775.21
25-07-2020,27.14,386.24,730.33,776.21
26-07-2020,28.14,386.24,730.33,777.21
27-07-2020,29.14,386.24,730.33,778.21
28-07-2020,30.14,386.24,730.33,779.21
29-07-2020,31.14,386.24,730.33,780.21
30-07-2020,32.14,386.24,730.33,781.21
31-07-2020,33.14,386.24,730.33,782.21
01-08-2020,34.14,386.24,730.33,783.21
02-08-2020,35.14,386.24,730.33,784.21
03-08-2020,36.14,386.24,730.33,785.21
04-08-2020,37.14,386.24,730.33,786.21
05-08-2020,38.14,386.24,730.33,787.21
06-08-2020,39.14,386.24,730.33,788.21
07-08-2020,40.14,386.24,730.33,789.21
08-08-2020,41.14,386.24,730.33,790.21
09-08-2020,42.14,386.24,730.33,791.21
10-08-2020,43.14,386.24,730.33,792.21
11-08-2020,44.14,386.24,730.33,793.21
12-08-2020,45.14,386.24,730.33,794.21
13-08-2020,46.14,386.24,730.33,795.21
14-08-2020,47.14,386.24,730.33,796.21
15-08-2020,48.14,386.24,730.33,797.21
16-08-2020,49.14,386.24,730.33,798.21
17-08-2020,50.14,386.24,730.33,799.21
18-08-2020,51.14,386.24,730.33,800.21
19-08-2020,52.14,386.24,730.33,801.21
20-08-2020,53.14,386.24,730.33,802.21
21-08-2020,54.14,386.24,730.33,803.21
22-08-2020,55.14,386.24,730.33,804.21
23-08-2020,56.14,386.24,730.33,805.21
24-08-2020,57.14,386.24,730.33,806.21
25-08-2020,58.14,386.24,730.33,807.21
26-08-2020,59.14,386.24,730.33,808.21
27-08-2020,60.14,386.24,730.33,809.21
28-08-2020,61.14,386.24,730.33,810.21
29-08-2020,62.14,386.24,730.33,811.21
30-08-2020,63.14,386.24,730.33,812.21
31-08-2020,64.14,386.24,730.33,813.21
01-09-2020,65.14,386.24,730.33,814.21
02-09-2020,66.14,386.24,730.33,815.21
03-09-2020,67.14,386.24,730.33,816.21
04-09-2020,68.14,386.24,730.33,817.21
05-09-2020,69.14,386.24,730.33,818.21
06-09-2020,70.14,386.24,730.33,819.21
07-09-2020,71.14,386.24,730.33,820.21
08-09-2020,72.14,386.24,730.33,821.21
09-09-2020,73.14,386.24,730.33,822.21
10-09-2020,74.14,386.24,730.33,823.21
11-09-2020,75.14,386.24,730.33,824.21
12-09-2020,76.14,386.24,730.33,825.21
13-09-2020,77.14,386.24,730.33,826.21
14-09-2020,78.14,386.24,730.33,827.21
15-09-2020,79.14,386.24,730.33,828.21
16-09-2020,80.14,386.24,730.33,829.21
17-09-2020,81.14,386.24,730.33,830.21
18-09-2020,82.14,386.24,730.33,831.21
19-09-2020,83.14,386.24,730.33,832.21
20-09-2020,84.14,386.24,730.33,833.21
21-09-2020,85.14,386.24,730.33,834.21
22-09-2020,86.14,386.24,730.33,835.21
23-09-2020,87.14,386.24,730.33,836.21
24-09-2020,88.14,386.24,730.33,837.21
25-09-2020,89.14,386.24,730.33,838.21
26-09-2020,90.14,386.24,730.33,839.21
27-09-2020,91.14,386.24,730.33,840.21
28-09-2020,92.14,386.24,730.33,841.21
29-09-2020,93.14,386.24,730.33,842.21
30-09-2020,94.14,386.24,730.33,843.21
